{
    "definitions": {},
    "$schema": "http://json-schema.org/draft-07/schema#",
    "type": "object",
    "title": "Respond To user Request Schema",
    "required": ["invitationId, response"],
    "properties": {
      "firstName": {
        "type": "string",
        "title": "First name of the user."
      },
      "lastName": {
        "type": "string",
        "title": "last name of the user."
      },
      "phoneNumber": {
        "type": "string",
        "title": "Phone number of the user."
      }
    }
  }
  